,X,y
0,0.3099311809254889,0.22080456955189132
1,0.8226204525726796,0.6788340860938314
2,0.24233549275478794,0.09675565937551384
3,0.8273327450195107,0.9102528529379152
4,0.7809895724121448,1.0911317645136858
5,0.41212850800284784,0.4716200225303887
6,0.4528447793634496,0.3487750800071865
7,0.20131432920509518,0.27531951061932364
8,0.1479939359908059,0.13953929047037947
9,0.5894972926292814,0.4602718140549241
10,0.9875267719219423,0.8888478027754773
11,0.32588401040537707,0.37131972931048285
12,0.08499921106451136,0.10705587574886005
13,0.2219131872611675,0.12189176696904333
14,0.599406024136237,0.5091510809530069
15,0.08245977337025467,0.01627561511375164
16,0.3368157950374835,0.3712686612579256
17,0.9615586674688651,0.9479424125116641
18,0.995917250515567,0.8352860892889571
19,0.1744670953107541,0.10784946663476376
20,0.1321359873662714,0.09281408168468502
21,0.5521767474502869,0.599704340974242
22,0.5825304034949857,0.7810872898279657
23,0.03131936725426698,0.04119286887791402
24,0.013997443247872776,-0.06917350082052065
25,0.6180230707149288,0.47934160098612677
26,0.6224302079020213,0.6454888090498814
27,0.07454103402440271,0.035228669990028355
28,0.1651243147770125,0.2105075102527575
29,0.13567537329666945,0.3380856128813339
30,0.1479839729183866,0.2862765564179617
31,0.8229498046812521,0.8313038760668824
32,0.366657521767229,0.5185182848305367
33,0.05491742829198509,0.2785207079345017
34,0.7372295490038054,0.7544163484053282
35,0.8135583935928945,0.7638105368844468
36,0.4494645112492972,0.5281144708056009
37,0.6589766034092541,0.6825865581610189
38,0.8466326901580907,0.9532136827005476
39,0.9637669954181731,1.0040984090163765
40,0.06025021431551303,0.011082733551447475
41,0.5222093170765952,0.45980852173006015
42,0.34963561132459675,0.3865758116411489
43,0.22767193686006593,0.14801475587606194
44,0.7794933492088683,0.8194958843487089
45,0.16029625613166687,0.1485274887885234
46,0.28758832087870656,0.3913646599645394
47,0.8444197657528116,0.8091969619658186
48,0.9342861082614737,1.068281616287098
49,0.9457090088185705,1.120517438086315
50,0.296312957630401,0.31610108633764084
51,0.4666567386711534,0.33753946486764297
52,0.8827246575205655,0.898966769930671
53,0.3318230260439824,0.47190205289629406
54,0.6241723389594759,0.6404635346515315
55,0.8886245184077243,0.9331004685750657
56,0.7284728553827405,0.5998231906886081
57,0.06009545332693911,0.26772390910425514
58,0.9270866048274425,1.0288319282034912
59,0.9124878736847176,0.892448126930687
60,0.31839039427654015,0.26585138929637236
61,0.31970219328355354,0.39656933080940826
62,0.5862225020755003,0.7058181028732418
63,0.24215943689806108,0.2594245007858131
64,0.6670105349781342,0.7784899726490824
65,0.05001010680146678,0.039937661411221625
66,0.7309854879988685,0.8116493258722456
67,0.13358012779244777,-0.018717962080568334
68,0.11794111446449163,0.18163949327606155
69,0.608087917328891,0.4714984000339318
70,0.6224479894053863,0.8156706759792496
71,0.015057055191293744,-0.04292507169387776
72,0.6465931728686289,0.7661274991489624
73,0.3354195586418256,0.35843976439617425
74,0.4383799242190103,0.2900855716921227
75,0.6321869709487118,0.6065923994136422
76,0.8877118482298277,0.8914675091612762
77,0.6520340158722452,0.7258146262089097
78,0.5372538071636276,0.41325007326557933
79,0.09893361167814241,0.12138134143029759
80,0.6112561114874635,0.6668122199703166
81,0.6409843167789261,0.5610743679425956
82,0.9125648573299231,1.167414354649433
83,0.15593602956099906,0.2503313825639845
84,0.6515664627625469,0.761817521744992
85,0.401128997815576,0.4368713483125581
86,0.79918233076403,0.7062934662300804
87,0.4721751106524723,0.4069147235320202
88,0.9360772127046946,0.8942585423997098
89,0.7399078892223959,0.7425080364232294
90,0.6282984416591225,0.6809947912943669
91,0.03261438388090143,0.03169946789494399
92,0.8013706472460672,0.7071364355393737
93,0.5205679678406755,0.5857227306773468
94,0.9870154601182876,0.9433610889261345
95,0.6269144548111936,0.6077430828368676
96,0.9321460376468866,0.8591997241977094
97,0.2992085512213274,0.5302912480685593
98,0.4758107281390713,0.6784095007887517
99,0.17579605387235697,0.19569652199863385
100,0.5690134681323273,0.5024190247210212
101,0.7287918970527761,0.7846960130619763
102,0.07674455368781474,0.01967299863060412
103,0.9025426291910156,0.9462525526910902
104,0.5658458302491123,0.6892140210008825
105,0.8303446231148186,0.8785210826793157
106,0.9010409468985824,0.7555910530793067
107,0.8991654958157187,0.9190855438031282
108,0.4846636174661423,0.4385289632708413
109,0.7814056877824335,0.7474838666360496
110,0.27782791541764107,0.324041126877222
111,0.5504612082174521,0.5177978104311924
112,0.8128364338893217,1.0671132107714298
113,0.9744302676411135,0.861409657387937
114,0.7866862429991475,0.6775135489724149
115,0.3496675254673447,0.5053055929233788
116,0.22720981719513467,0.3381229597346193
117,0.9302864074950277,0.872675053171035
118,0.8416494511228075,0.7628911141788227
119,0.11355277656318274,0.23628323089065212
120,0.8775859922481216,0.766527747528845
121,0.4525563738437133,0.5039799986810272
122,0.9486730503322044,0.9777055527902265
123,0.04144667861782947,0.18966317690558854
124,0.4203024722053428,0.4659869799760776
125,0.4037967332386253,0.3511561600105261
126,0.8850941374721935,0.7942707388620552
127,0.4204667658982001,0.6194065439289516
128,0.5874611157535479,0.655863423542403
129,0.440838157746715,0.1928262429666755
130,0.37706922780278096,0.34472710228770553
131,0.8563349951683817,0.8273109486186516
132,0.28486969399697193,0.22285109323463217
133,0.9166795305320465,0.7914633733028664
134,0.0019476139615844934,0.11948506371988062
135,0.01822299277448225,-0.08984716022024802
136,0.651585110429266,0.6210502579742981
137,0.8794385283164466,0.684108866219678
138,0.43272332192129603,0.31250558025687614
139,0.9979509598330328,0.9111499093036615
140,0.9418007720442608,1.0498772875630162
141,0.22106392842717804,0.22987447056511587
142,0.38668934731584803,0.286168961296107
143,0.22446650419520808,0.19189384710550828
144,0.6286715170162077,0.6478878640287706
145,0.5801198460409313,0.7433755984672836
146,0.775110356214947,0.7871803671665386
147,0.04246788588838046,0.13328517099354592
148,0.06068787329795278,-0.005596144301602282
149,0.538680348905142,0.535304656870616
150,0.006537170277083892,0.09011069941048218
151,0.7269204816102613,0.6699045940469355
152,0.9922193195712702,1.005697010315141
153,0.008111210793258161,0.13569779885950206
154,0.0007855765239161983,-0.13761519716060094
155,0.6508965336166042,0.7451800766696386
156,0.3825651395726577,0.2414419450293748
157,0.4735395736608482,0.5247120689084922
158,0.41629157298568864,0.40662538291319694
159,0.45568272546823496,0.44182628684197134
160,0.5345180934750061,0.6077986444913326
161,0.5433547680220969,0.5532888201965598
162,0.11386108810174977,0.09492177836353122
163,0.5201454679411834,0.4420314248869237
164,0.1880829516049196,0.2086567051938358
165,0.7833535195826472,0.7078344065410476
166,0.3960424650213059,0.5267668473505951
167,0.7430551968886592,0.6986777345910018
168,0.4304526997313235,0.5382528704867414
169,0.04825248563981255,0.035183658864954094
170,0.6693024557908072,0.6654424937341895
171,0.3476921668519435,0.5317524434841925
172,0.6364511854251069,0.5994866754100971
173,0.9953604850690221,1.0080237548035007
174,0.8267214556144993,0.8104929499888123
175,0.26484797050286946,0.21174914272602574
176,0.1630966769668175,0.06266611359600568
177,0.990196402733519,0.9229811964782525
178,0.9211522212707028,0.9521851491369797
179,0.3899238571263348,0.48875808743296845
180,0.2570166201716494,0.13373624043865034
181,0.14742313844184296,0.17252786519085628
182,0.8847527936366922,0.9897786816670021
183,0.2829531014545048,0.18198691590417335
184,0.3051180073376287,0.22110336390822533
185,0.8380977123835792,0.9343896714829437
186,0.11662329860753251,0.094381988279647
187,0.9697788864169066,0.8993604102224327
188,0.6099985250741333,0.5443362900997961
189,0.9710277913766054,0.979346768278573
190,0.3139196724879326,0.1988399282389195
191,0.7859948809882803,0.9249041709965048
192,0.961612034693052,0.9539592239043282
193,0.6657006327173463,0.6983118092070177
194,0.09914041495907366,0.06758364150019411
195,0.8210653405089587,0.918526823265055
196,0.5045464537324386,0.7076074303038522
197,0.8565743687310023,0.7389363955953805
198,0.8873979086039925,1.0993379454537053
199,0.7906299429246625,0.8680122802118783
200,0.8294878214441546,0.8460867054251789
201,0.090642167411768,0.0020756523253782633
202,0.1010412134572447,0.10947869663629493
203,0.1389237838809032,0.15457397290284972
204,0.5175283162797538,0.4586568225352772
205,0.9524869056795529,0.8233076781834313
206,0.7247217854385711,0.7955869144313465
207,0.04570224748946339,-0.02819359440979942
208,0.4903972642447648,0.7133094543497587
209,0.7019452761054418,0.7981842949469256
210,0.5253612864778788,0.5767116946226057
211,0.10514840198942244,0.030308668393807206
212,0.09329918504962265,0.11199647350914396
213,0.25019128274618085,0.11122404484987539
214,0.12158800899636024,0.023166748950765426
215,0.6957282394943795,0.6549396354493352
216,0.8369130390537876,0.8925035534586365
217,0.8541719460880555,0.8533507480361587
218,0.405211837853226,0.3212974247593758
219,0.7734618757299251,0.7226693351537871
220,0.9631367292309196,0.9303024394461021
221,0.2827224567811648,0.3049878425191501
222,0.5062323743919733,0.21084055459692086
223,0.5911973225241182,0.42272153477878616
224,0.9522432614124611,1.0740938274657834
225,0.926242264862289,0.8139542824628909
226,0.34155505777458406,0.2695778647700511
227,0.11458365874245713,0.22056447316842723
228,0.3321457677619597,0.5251471327253373
229,0.25719859457738015,0.23057431098635178
230,0.10409605157050283,0.12165251815813181
231,0.08240657021831199,0.09753299181610688
232,0.5889974074446302,0.6979792918976744
233,0.2266393335323139,0.17877806369900762
234,0.6203281121162958,0.5442792565526249
235,0.5104511703390966,0.6144134745246432
236,0.8349341700001569,0.6104852787599802
237,0.5972486316985416,0.4476003904602114
238,0.3674929015012929,0.37452541537943795
239,0.21341543839511423,0.2656855407013311
240,0.05147562098561309,0.04852079537968815
241,0.37045446257546477,0.3666578500988116
242,0.6377501745878492,0.7290794079851969
243,0.06137191801991704,0.11422979699511301
244,0.7816048379870473,0.677232140053543
245,0.17226086735148027,0.13614102096040315
246,0.506929781470402,0.6061236136745692
247,0.9847152363593823,1.0794342683028206
248,0.7595331507285941,0.6272928721561004
249,0.9319269844435498,1.035195859207925
250,0.2476416570255805,0.37100029839548554
251,0.08643414048792175,0.11365450777163874
252,0.5720888394836208,0.42893676192064245
253,0.14929653269922438,0.2220322325898284
254,0.5924589526110645,0.388069906950272
255,0.23315845719825457,0.17965341490150682
256,0.37015636964268717,0.28598251858187573
257,0.7620624739517394,0.7631895193036436
258,0.7881610686879852,0.7033546806814005
259,0.4162197171847889,0.4401111204798594
260,0.005376233803010444,-0.0217442925759313
261,0.4226141063411879,0.5114818497868757
262,0.06990575566943835,-0.06118289515958497
263,0.2668630652663255,0.27813939772699303
264,0.18402133393356657,0.15595926905107332
265,0.9889858946624047,0.8839766602629802
266,0.5866188782456381,0.568497969215145
267,0.7475515657435958,0.8239293055096456
268,0.9199935425783493,1.145178469979678
269,0.7547805077911913,0.7186046924287088
270,0.4077261386946349,0.5859261369663016
271,0.2820065467068388,0.33162918792302104
272,0.731254819888171,0.6865617032035811
273,0.49800394511333523,0.36686351390329897
274,0.6329788476721376,0.5949006978895243
275,0.5786108162324665,0.5314185585300926
276,0.8923686353220969,0.8787134745470897
277,0.2803444905664437,0.20438999845767059
278,0.9323738468405561,0.9092298957396407
279,0.5264729782309847,0.510734722676629
280,0.766134295760414,0.5916210345338306
281,0.6879025832163363,0.7330413629533202
282,0.5967596806903166,0.6042135902820565
283,0.10796292504435656,0.022300730272643676
284,0.8430356037257433,0.834676483726768
285,0.041812167187031846,0.0470861921897648
286,0.6801576115260358,0.7425026823777853
287,0.44086697523706886,0.4566487363084998
288,0.2984360233693434,0.3515416704203666
289,0.8487978122100955,0.9114537090247266
290,0.21488485011690728,0.12045189388003359
291,0.6669765369911284,0.7300911232419868
292,0.4115096422294161,0.4676781706170309
293,0.5673554039002494,0.5823774720377324
294,0.11925894058088238,0.1695159831561341
295,0.8238443448513707,1.0237197196933212
296,0.3144341776604368,0.1674716307926937
297,0.07358352904156462,0.17645632488930957
298,0.39626526625877856,0.45950852002814563
299,0.790997785596734,0.705310411180218
300,0.1482764753819399,0.16848443401514798
301,0.776731661542288,0.7242775350219638
302,0.5871134149483092,0.6457516490587429
303,0.07847743998321355,0.08676190311900676
304,0.006358904034334589,-0.018226432998386645
305,0.599893903249346,0.5537120632786001
306,0.405504681781772,0.31080460548400723
307,0.1778932506940687,0.05601477933909009
308,0.20957284380743935,0.21033251790428426
309,0.0995082365582396,0.1486419342330092
310,0.6688871968661572,0.7291561910835669
311,0.0704882976814406,0.012142086446729546
312,0.17675944575961655,0.09939415996466743
313,0.9743930916124538,0.9450365497798631
314,0.4971712456428492,0.5634339458815335
315,0.4291436683000781,0.1792545064879097
316,0.5259515854476396,0.48846336471749485
317,0.7036221152193861,0.6434079881143362
318,0.7185269806670829,0.6167995393249865
319,0.22194246720990496,0.13330350136778385
320,0.12957593495828468,0.09538031527486501
321,0.2771339974626912,0.30221242403254556
322,0.365224396162252,0.3875520475589934
323,0.3466040823880199,0.3412186017870455
324,0.3167334845144285,0.44744618364900357
325,0.4609390550608523,0.4717650236573789
326,0.06522177122739248,0.14542227417580844
327,0.09058077885509797,-0.0665006078187135
328,0.9318917214214145,1.0492490165165407
329,0.9948425628550314,1.0771036822308273
330,0.7343994338535503,0.7768452834186834
331,0.6319364391790668,0.6487795429475959
332,0.5556898246655196,0.5780037320661321
333,0.402691130690388,0.45336188933389415
334,0.4861411456361866,0.3383077841619575
335,0.6026767246917417,0.45531492016215924
336,0.8836451255548735,0.8052731187631393
337,0.6535202367875054,0.6267554902095569
338,0.16788689155237668,0.33706570387673707
339,0.04060274768082672,0.065605486385083
340,0.4812884906292486,0.5691688402514921
341,0.17339541541644488,0.27906511041771653
342,0.7907330155789396,0.7634287499449861
343,0.8328834759606646,0.8770854686632479
344,0.013118842132591513,0.06954283860117494
345,0.2311314304398503,0.1896157971346714
346,0.6166391203762985,0.7511262076152732
347,0.1255489579033794,0.013877008753429468
348,0.664517528898664,0.6433281484700845
349,0.035774552165782736,0.048800021232465914
350,0.9139370444032567,0.8011102357135234
351,0.09857607124455914,0.03380489384501152
352,0.7759862856608065,0.6343963032759498
353,0.28431846274504224,0.29583906338723287
354,0.7829070137084758,0.69010164704772
355,0.3917654129282643,0.5025769936804183
356,0.10205706944773962,-0.07579860115760317
357,0.32256791489673053,0.4107844724455423
358,0.6466597191926738,0.5696136359619905
359,0.17908289908592212,0.15112207262524102
360,0.6725813239332276,0.7692000612621779
361,0.35716599363404355,0.4531737338156385
362,0.2244801058932433,0.19934921165914915
363,0.632557914906863,0.7156095757774449
364,0.4169149283299066,0.24483913907806953
365,0.7561585405236628,0.8061363297206081
366,0.5036215567691403,0.3690322819994482
367,0.4236559627665766,0.5507539268699468
368,0.9744877311529535,1.1191395138641453
369,0.25294187377039756,0.28262653891397566
370,0.4048259324026593,0.267535800856364
371,0.10536308484929569,0.00271413158138753
372,0.8429208081903906,0.7834199006995805
373,0.6208431902366389,0.654278901666914
374,0.6286377411122067,0.5711480122440821
375,0.8628631048569928,1.085348615878003
376,0.8476935821081321,0.9233720747349904
377,0.8000151615662698,0.8919832303378851
378,0.5424519742124302,0.398400055703365
379,0.6391137241047294,0.661836806446376
380,0.17537807747585465,0.31269370891559645
381,0.22412892718096467,0.31569391337333863
382,0.18852824500496734,0.18371951982987322
383,0.8110938836679147,0.8385445458351212
384,0.227557762804511,0.12307741968277401
385,0.6746898655303868,0.6575690426400254
386,0.22280222109363312,0.0899349972195983
387,0.4255682174120857,0.3449046134364161
388,0.20706631936797892,0.2762473339172605
389,0.32000880983519364,0.562124353833565
390,0.557514287188452,0.6787478091194155
391,0.6497939381205546,0.6253233664624538
392,0.607249129225729,0.7037047593533305
393,0.7798574280886964,0.873504809770519
394,0.8946034860654829,0.7927756944332757
395,0.36560903815874923,0.22195930057322186
396,0.9067862984802213,0.9180519208527054
397,0.06789458524828051,0.2600821969985891
398,0.16450715415575157,0.2280462690951543
399,0.8721832740309649,0.9917071016534348
400,0.6903427154994348,0.7373340816680124
401,0.33158148370337015,0.3522632771262456
402,0.6248967609890014,0.6964653505616548
403,0.38386748588521635,0.2850501259819524
404,0.9338273397572998,0.9276137604216378
405,0.8006683100800089,0.9316510122656939
406,0.3976850796485911,0.5858971710365672
407,0.09865680544972177,-0.07771421555627023
408,0.9468546304287561,1.0394331949548585
409,0.7403264617571735,0.7140045740314593
410,0.25306452813408586,0.22893277048814745
411,0.3177449592456645,0.18773911146381178
412,0.4469219918643511,0.3423876321839988
413,0.8869348433586158,0.8637743078690125
414,0.6824413754755895,0.7250108947271632
415,0.9237927169382601,0.9560553438756069
416,0.006366536626644215,-0.08426269166019812
417,0.23853120696270413,0.3471814819560854
418,0.5551766907430663,0.5526810266315968
419,0.6265651051068966,0.4415092238085766
420,0.2509365028321857,0.33641709981561996
421,0.42981130630117026,0.5027506033891541
422,0.5620859715984725,0.6663334479373744
423,0.11972877397525206,0.10844703090258379
424,0.8007185027345346,0.7504614665860412
425,0.20901681421609963,0.33457563874779395
426,0.05198838921096338,0.0599980748967114
427,0.3927492207482476,0.23167391293103848
428,0.5054377562968838,0.32292979964797586
429,0.6644587513107357,0.5803051183122464
430,0.34832671351665856,0.19224783076483865
431,0.7782032055134478,0.7130591735489958
432,0.40489563899376624,0.3350625649142045
433,0.22120656659012505,0.031670925128074345
434,0.8066944413345466,0.7489440035547721
435,0.5446798707184315,0.3389872725488863
436,0.5733080829789243,0.8821830521400489
437,0.46622153708122205,0.3584984285110694
438,0.6292397367912458,0.6609904366726573
439,0.6716036900785378,0.8897235756723411
440,0.8365865476010995,0.7803051525569727
441,0.36684918300626457,0.3026355153136826
442,0.6426931195202304,0.6613505770105379
443,0.47584846775848855,0.42439923385920364
444,0.38834403640142445,0.4310380148685088
445,0.8579372458592751,0.9896096866189222
446,0.7480782479198316,0.6823709786420451
447,0.23173974199007386,0.05315626599440579
448,0.1538375061920354,0.06678850838864525
449,0.029700474883779693,-0.10936946493461139
450,0.0589378154143787,-0.1389903826164589
451,0.182094129541298,0.04381703131772477
452,0.05064274213823372,0.058401653260458056
453,0.1521095063886484,0.11097588593338437
454,0.5317642891524726,0.47664088529655263
455,0.5005404948397327,0.5387806574850493
456,0.8450668548945841,0.7548561912481891
457,0.6062669567563875,0.7072643317122664
458,0.47477182683392716,0.3516925609826639
459,0.6172315619415114,0.6679873465455318
460,0.9235661570158138,1.1332400022380968
461,0.03660598555623984,-0.006761686174351619
462,0.9356599902802867,0.8593788443372306
463,0.20459840691657782,0.31650322112104756
464,0.8488181306407764,0.8770364613071777
465,0.06593565195554552,0.08121524988604456
466,0.7153615403308826,0.6784105330179742
467,0.3981562401919426,0.2964895609900605
468,0.12489335071119112,-0.07121082226734726
469,0.5750891414774938,0.6469852331145606
470,0.15610230718538165,0.1433404982167185
471,0.11198092625434652,0.21106577994986858
472,0.03328930875419367,-0.058464771185049
473,0.47796747115992366,0.4827104801819962
474,0.8433342255742033,0.622926950123443
475,0.8517943814350094,0.8355521308182632
476,0.6636003145266868,0.7489037510078367
477,0.06400224660236198,0.17465862502361895
478,0.9211199766274644,0.8520361199715363
479,0.6963403657916356,0.7977848961208635
480,0.13572299295910983,0.10045006409416751
481,0.24287784309965488,0.1812722436502138
482,0.6373067935687723,0.5671843057087408
483,0.15727445111132832,0.1841051997249107
484,0.6171542001218588,0.7281645139337442
485,0.38045801514677,0.2585519164988313
486,0.30961697939533384,0.24225088272075823
487,0.17125179732511675,0.16348073534280022
488,0.524845859300631,0.45501387953941885
489,0.28905896916788587,0.2427923800054702
490,0.23772304810572142,0.20035457455583716
491,0.8760803029758485,0.9671379104525493
492,0.6124042466571927,0.5680835830900606
493,0.9249862901931675,0.8653715853755946
494,0.1383406378213189,0.007655486281703705
495,0.90184169282381,0.859892916310159
496,0.6486611800111537,0.8394349422905139
497,0.6422364302626399,0.5751660468553794
498,0.6836164420011104,0.5160123707596462
499,0.7239296467596261,0.6629157364170356
500,0.8594985469044784,1.0274136760120947
501,0.0641608614004977,0.02817223215183562
502,0.898514889848131,0.9965290005313674
503,0.7162448419181833,0.691817617149581
504,0.6801275815241588,0.739721130850337
505,0.3396278295916557,0.227928225798185
506,0.7923464884484166,1.0237547585002449
507,0.8216267516049448,0.7949203083931232
508,0.5234676931244353,0.6174222085991976
509,0.30744830896245623,0.17863034850330725
510,0.9893584949259717,0.8854349871190429
511,0.949273045020396,0.9813307222489698
512,0.04681679323053378,0.2606743423311856
513,0.946687908703744,0.9190106413929264
514,0.3071498213392946,0.5141939974138141
515,0.41323719652838964,0.3953547763822957
516,0.3243182283903514,0.41333627472850587
517,0.36893805946562497,0.4889228962048271
518,0.033891953013035714,0.010690466394527157
519,0.45369920216129533,0.30363574471245447
520,0.530212597382673,0.568429375926339
521,0.9182064281924543,0.8464012103175729
522,0.031937788293046054,0.032971807977930895
523,0.11650659948639541,0.3883643344462974
524,0.8538944540894896,0.8130575129774268
525,0.043448994424580945,-0.017699821537342647
526,0.42849512548292934,0.41893079592414606
527,0.9203616435195158,0.8837366848914087
528,0.5321259682751046,0.5098923234765756
529,0.07425915252956738,0.08092190715796445
530,0.7277967521190575,0.7393189911735922
531,0.8493552123325551,0.7062663778612341
532,0.49125433699896137,0.5511885272436698
533,0.9390919162398459,1.058310405985971
534,0.39483872561599465,0.34836454600361066
535,0.45125255086997684,0.5044676214790836
536,0.5746847011637567,0.5003400619741006
537,0.10925052955537629,0.05468334097454505
538,0.5230550221990721,0.54848981185235
539,0.13336893636403946,0.15572443700581612
540,0.5500646847952002,0.7628298693708262
541,0.2885693840335076,0.06344487512571187
542,0.45808034890844307,0.5087248788971163
543,0.6399740023455401,0.595764478492369
544,0.593009008671333,0.5543151247215916
545,0.4388704856795943,0.4198462322720619
546,0.37804720038012773,0.2807725183136158
547,0.1400841077389764,0.21035180151896118
548,0.39441424307224504,0.36361087031396533
549,0.20166387447552536,0.22039085837511097
550,0.10132913557902179,0.22695979249663628
551,0.359295323615791,0.1191495985058022
552,0.7180088185052378,0.5910138001078515
553,0.9224510252569738,0.853923448057199
554,0.48931712371221703,0.48352631828650083
555,0.9897059200476878,0.8945407004614853
556,0.8509988922863095,0.8657803570250201
557,0.27535134392638805,-0.039642390907945635
558,0.2281728713929202,0.4138442237184421
559,0.17929989241636368,0.15968848044662515
560,0.1937489497088939,0.11687744324377833
561,0.030812326746552543,0.02960858175285116
562,0.3639948719897411,0.24743328068681497
563,0.6788906933962017,0.729225045220855
564,0.6005562664937524,0.6986521814511779
565,0.33959299266206877,0.3262689358391137
566,0.10773331157360588,0.07923352174376828
567,0.5853118529796684,0.42059823957898423
568,0.5474646118467416,0.5423160063038612
569,0.7884965667266497,0.7566946323178829
570,0.07492555007980173,0.003547559334865724
571,0.5491387001368956,0.46705933168475294
572,0.37821396380813055,0.5658620456007822
573,0.6510923704248596,0.5689393138892613
574,0.545117463689134,0.52434159371784
575,0.18568726471422514,-0.008419931285117699
576,0.9011327280477908,0.8508690234630987
577,0.3858933388165302,0.2945355228722416
578,0.679163023293621,0.5985457169336317
579,0.9938896881558977,0.9042052537180781
580,0.507001535250229,0.3867456116328215
581,0.24768722507690755,0.1658928833769791
582,0.4037333699344343,0.633053749839131
583,0.8501302985157174,0.8368475356992152
584,0.897409066391934,0.9838097146181453
585,0.5312659311135848,0.4973424982681003
586,0.6937519601858007,0.6802548234466379
587,0.36363252360784404,0.46993404927087534
588,0.35130451327610634,0.33157185162903624
589,0.6937460325953594,0.7149263719822713
590,0.9500305408650319,0.9538451583461367
591,0.2342377831630137,0.063551223628912
592,0.6180254035865195,0.6786771001560756
593,0.973872855343958,1.0627787445364079
594,0.4160931511876421,0.3311711454504963
595,0.6521874486697607,0.8407683377198732
596,0.770510211975354,0.7563096871719496
597,0.693588456260809,0.7943623812214575
598,0.9362865608619645,0.8816039046973264
599,0.6922989504176034,0.6233942590544972
600,0.8260588889777962,0.9445933505653125
601,0.22468706867655408,0.20390565888574233
602,0.3411203842899595,0.27402240159452435
603,0.9274421286642388,0.9444815263424837
604,0.3892860572193412,0.21012691509648385
605,0.5264853828583118,0.5635518929044837
606,0.563405679326898,0.6051658800198445
607,0.5861658456470947,0.5156519589864961
608,0.7818958431572327,0.8489783258219051
609,0.1692715856550593,0.24519707881506647
610,0.7448655829416658,0.6956421814697694
611,0.08082525378078986,0.017142392958936117
612,0.7345854046397147,0.7128916289779265
613,0.9550707408706031,0.7173538073192826
614,0.8987374297462423,0.9366196926537127
615,0.6468817018687371,0.5978000813964607
616,0.3592175917386732,0.48159414324207317
617,0.3231258469233401,0.30733114006151013
618,0.784488006491846,0.7032953765942753
619,0.04066839885011386,0.08220158264590241
620,0.41886992726231786,0.43061472573869414
621,0.026356213333428413,0.24435639562817613
622,0.8932742587996333,0.7781251899400582
623,0.15518470832407005,0.12216384475915651
624,0.41871744659918997,0.48777392095144284
625,0.10355478686770847,0.11881080106683248
626,0.7490987156258412,0.8269427928325943
627,0.7806383542745375,0.6887622816060923
628,0.052437880145731475,-0.1672497678566255
629,0.317198963764037,0.3406694968164809
630,0.4411986566382221,0.38621253894123464
631,0.3681604035253402,0.4314225503518168
632,0.38923241194719027,0.22668289200138458
633,0.49917230620370623,0.36821161041001504
634,0.34222418398363996,0.48262221912797265
635,0.18998472230185115,0.11533180132018532
636,0.88249750492777,0.8350519412167166
637,0.525063153811572,0.6535164041715437
638,0.4531124642069885,0.42817343861449364
639,0.8466022654456907,0.8731678421198437
640,0.5285769309080829,0.5956499001999457
641,0.7557278593664716,0.714797548226975
642,0.197530968618009,0.24726918330612466
643,0.6125486316354578,0.4587516645963586
644,0.8361527287164966,0.912074988913183
645,0.044617834697518566,0.04132514959347196
646,0.30656160413119704,0.25017600865248224
647,0.7552473943023755,0.8061036685484453
648,0.8177189359154717,0.717070224680233
649,0.4143000310886247,0.5154847698029653
650,0.9990422528942622,1.1109367614876087
651,0.6758657977587562,0.5941125056596989
652,0.27727664629322557,0.49177294717982356
653,0.7636977924615128,0.7548982180376328
654,0.06268375422320926,0.013895446865051161
655,0.9856198903377552,1.0380055500380552
656,0.7180019336846601,0.6286915995236417
657,0.24840406242601587,0.3155766726872415
658,0.9470310101042176,0.9154447953604278
659,0.622677797322295,0.6470929321305903
660,0.5986124464080469,0.5277612330269641
661,0.6154395990584812,0.6079570407520636
662,0.9675635240037193,1.002403051284682
663,0.13291653403496684,0.1881934212650685
664,0.1799228330014051,0.08659875028230243
665,0.0532774288823219,-0.014397669794794316
666,0.3710768950206862,0.18706752741568397
667,0.516185679763942,0.5174990468196314
668,0.87549564328095,0.9886480954494706
669,0.9543434348864408,1.0191264958539554
670,0.6620274448083435,0.5899871470316251
671,0.40326436365696083,0.5046181130870255
672,0.008347484238663161,0.02496256089144794
673,0.4991789621144457,0.6700359421079014
674,0.2813184785390951,0.37926105300752777
675,0.4956472132334697,0.362818921780081
676,0.41765155143942534,0.4162975323134833
677,0.13874350194772977,0.127110797269078
678,0.9447767021436886,1.182496725579328
679,0.13035024756097402,0.10833422716469576
680,0.2906442230171541,0.12084805074820226
681,0.6150606259323822,0.5532492298891698
682,0.722863835169494,0.5479999560591156
683,0.6554009570470732,0.5347953754198257
684,0.8858568508213829,0.8122020799690747
685,0.5602017124533483,0.5842933535673934
686,0.16829479036435413,0.2938308562611579
687,0.6717200610019953,0.7083105051321441
688,0.34765045542210526,0.4802799507992207
689,0.2834586956386058,0.23823781325060456
690,0.6202839213406829,0.6722542130720662
691,0.26508839097135717,0.4125500993284955
692,0.7559920805273721,0.7192316468919796
693,0.19595620010627568,0.24788784397109181
694,0.07282627141016762,0.1845806660978938
695,0.6152906156759262,0.6272399557876436
696,0.07660500934470449,0.09820668888742866
697,0.7677997009648545,0.8096130724017391
698,0.11987847858959899,0.12085071652801557
699,0.7273034780303215,0.7288518419889463
700,0.9928101752385488,1.0887974179779776
701,0.16874924304815286,0.21990407206131551
702,0.6897320933764907,0.8444673478191357
703,0.04745652306551407,0.16538621937656334
704,0.14644645572444537,0.07078228848563162
705,0.7061445935019861,0.6554265438338152
706,0.3726920804434659,0.288912837984077
707,0.3916613136079593,0.42034145150559293
708,0.18803751437758687,0.378359858246608
709,0.4822867647522586,0.3425878011368139
710,0.5719651227338626,0.5924577292940039
711,0.35989869351309633,0.2811900039120602
712,0.736453835399552,0.7711431328825967
713,0.6925835669537812,0.6148537293524181
714,0.30886766834395196,0.2075066214256198
715,0.930805030302011,0.9388606463191177
716,0.18399417537117224,0.1565372073643616
717,0.39550000854610445,0.4115322938218057
718,0.07714066075250292,0.04277517282769799
719,0.7303712400915827,0.6809442386985689
720,0.2848612922935667,0.15210233354998987
721,0.1074925128466463,0.08784902348183138
722,0.9473561464605124,0.8557100080443832
723,0.12505931237900814,0.1348010610180298
724,0.12531184278788166,0.17797894968220784
725,0.626793440224162,0.6980216342509725
726,0.8338581084713597,0.9673245300999311
727,0.7286263592894774,0.6575670415474452
728,0.2865040246896059,0.35273335101433995
729,0.04653317079845043,0.06261487152985376
730,0.00394548928000471,-0.07472894835196633
731,0.5921934078545552,0.6731468195333155
732,0.9830306737220424,1.13588787072755
733,0.5250710499018967,0.5721876950413644
734,0.6816936529457089,0.7447423934359737
735,0.16921291722069298,0.28626156143651316
736,0.680348460778829,0.7620749786256271
737,0.950100381876276,0.9813832661260403
738,0.7583409896963884,0.8929016477947884
739,0.9477123708094267,1.1545620844946451
740,0.08061022077861058,0.17182078211006074
741,0.520430400251858,0.4507049465890286
742,0.7227471118767651,0.6965567070499584
743,0.09919467184614783,0.12175668850326515
744,0.6060704265710702,0.7134777153455424
745,0.8186000408896927,0.8007047562772402
746,0.07826126391281885,0.25705805523725483
747,0.7783994876953575,0.918875074735667
748,0.4434532404229923,0.5562406818834894
749,0.6549575851734499,0.5546233805207013
750,0.4487234696914262,0.49887599045701114
751,0.9768318106427315,1.1594216686957322
752,0.5662523963193189,0.6871388800865746
753,0.6589174936008186,0.6547008696862457
754,0.82727003467116,0.8021405189814569
755,0.27647076029876483,0.3178737720952696
756,0.11973613862337729,0.1535876023025496
757,0.15537235290485985,0.1284151729278415
758,0.07124662752230837,0.010278521593257803
759,0.556445182768909,0.6090828610731388
760,0.758299129532128,0.7796635616443685
761,0.7245696104157707,0.6106263748216691
762,0.26203762867622593,0.13132505087760962
763,0.55558215326268,0.5145255132788563
764,0.5243836014196411,0.4139431360357291
765,0.0959146988254379,0.10738662678391944
766,0.7203173146843093,0.5617765320124594
767,0.5528746540507772,0.46044646870286027
768,0.4958849439718477,0.587346045805071
769,0.7623995588280915,1.0572098091589874
770,0.7267128176688322,0.529501852949259
771,0.495113924388363,0.4610668694634256
772,0.03441952964844397,-0.05585001887722432
773,0.40799639371528784,0.35088064176064115
774,0.3931506258642271,0.1286342004808857
775,0.7671146477816206,0.7490662500882856
776,0.17079984676380733,0.2555516224896075
777,0.8621795866213926,0.851046742369788
778,0.5978963236406459,0.5435405524756654
779,0.11914306196796831,0.008121309963316281
780,0.4858209309075039,0.40735735025953285
781,0.8562854523956898,0.9566019010300519
782,0.5543439148669695,0.6510685179036486
783,0.7755280967679644,0.8197062180006575
784,0.43776986051250244,0.39554385875459075
785,0.17191408830160526,0.36332084726944797
786,0.20630306523246167,0.34432552601363153
787,0.9704647938473003,1.0401219587923922
788,0.7304160423732503,0.5852149229967457
789,0.7283394878808661,0.579236589166978
790,0.415848204550585,0.5214750404144574
791,0.3754180765072027,0.3465154778656959
792,0.1711711174543341,0.23584010800465455
793,0.443778373224353,0.38198557466983546
794,0.1645637450731442,0.1969486070461994
795,0.22850865693415423,0.12214038781734027
796,0.9770822260133295,0.9182565206558064
797,0.39757679994860695,0.4957216462868879
798,0.32869984649583295,0.3667134239424206
799,0.5104669507710632,0.7089090034609555
800,0.8716781986153311,0.7610261330562691
801,0.460119096109725,0.31896694557764693
802,0.6628507934974829,0.697175761490717
803,0.5804879229492506,0.6494114349029577
804,0.2694563012167137,0.2524705120439257
805,0.6258345669261143,0.6783172873066508
806,0.7462416834340648,0.8686650600756678
807,0.9779243739406647,0.9429850061442712
808,0.8254775880573713,0.877343449911531
809,0.07016154556965859,0.012733993818444554
810,0.8403543209845841,0.8220332406454703
811,0.9617444815600908,0.8691696516439607
812,0.92277656023704,0.8987377655300178
813,0.6714398527355777,0.6173467751298066
814,0.2544090565134792,0.24819354404111194
815,0.30802567779369505,0.3908262250323038
816,0.9353907722412372,1.0541475580162223
817,0.5971738753934495,0.6279557552391066
818,0.46597087982416674,0.438247683361154
819,0.8601800028707252,0.8680261657766383
820,0.9795141592474969,0.9938342885940935
821,0.29323866847623914,0.2274376676992214
822,0.3047454986913207,0.17019448465923165
823,0.29198897242772015,0.31898919325745084
824,0.7549837013575649,0.694797796706969
825,0.5142187412952578,0.5399601200637398
826,0.5864630133124272,0.5456213056079983
827,0.5082206216023519,0.4889695065940046
828,0.4842683290357176,0.3834282151636189
829,0.8199628737384717,0.8165761559348632
830,0.05470509253613942,-0.16019551647871555
831,0.9775661493551135,1.0807178680448362
832,0.7413074945443693,0.6153090933710051
833,0.8745502005243979,0.9487109690591382
834,0.9194015973010472,0.737940569489126
835,0.3930168122305071,0.49400339570381524
836,0.01622545892823979,-0.05188338030417526
837,0.3712457551139017,0.43804943631519844
838,0.23275345260444713,0.18470619182269538
839,0.43885187476203436,0.3524886054450216
840,0.17972557700504121,0.2517904575092313
841,0.29907879099138157,0.45278627105602864
842,0.45980922780864475,0.5939348466203753
843,0.6327146210688008,0.7306990390129465
844,0.5813528848411386,0.7400935602362931
845,0.023575920388302696,0.018688807441568096
846,0.4712679425340397,0.5395953168018597
847,0.1651019408109885,0.1688432430547279
848,0.25937363463274765,0.24537727720024427
849,0.6819764592039786,0.6912094550321116
850,0.9680495113221611,1.018064539681247
851,0.5448660774869105,0.510873993123414
852,0.875732556821919,0.9674372037874281
853,0.8503024772543168,0.8470830188352497
854,0.5717404336004864,0.5163307786380041
855,0.9336364843700091,1.0014369486034462
856,0.8656061290337295,0.9687580286224426
857,0.6871714200607427,0.7065123799462195
858,0.332735329036712,0.35381084212906616
859,0.39949341047125875,0.6051671197088133
860,0.20934016057376115,0.3117634226989476
861,0.9041397549193999,0.837688129106389
862,0.7358616588424364,0.5526306380745765
863,0.9941084908890602,1.0068146966678408
864,0.7500852126007616,0.7304985846198225
865,0.41531026245148484,0.5582142293568972
866,0.17715197774426616,0.2346173079216462
867,0.3604343602990312,0.2575286783729622
868,0.49884129890950135,0.5091599678803987
869,0.16905586199283573,0.286955158136539
870,0.6895208792488758,0.8120671229999545
871,0.678596191235716,0.5264228796200494
872,0.6896867460508825,0.7020769169462489
873,0.03143114962790716,0.1404344248856163
874,0.7030646909569981,0.7432789268902609
875,0.9233983454431719,0.9677137302643518
876,0.13449889893660294,0.12441560093441362
877,0.6676163511898118,0.700689801863979
878,0.47880525763645354,0.6162588310979028
879,0.1923408294190272,0.2186979292108692
880,0.5219892284033252,0.543372583429745
881,0.5847060271798544,0.6532923579518662
882,0.6208463976296065,0.42996041814325386
883,0.7558654545432317,0.831323812576146
884,0.2990514776024725,0.2956165273713529
885,0.20197877927686303,0.18779134176070533
886,0.26899651514431555,0.175583348066514
887,0.3058062016245279,0.35950159648402497
888,0.1716309642199858,0.03466593798681636
889,0.609585393811382,0.5451624791534112
890,0.058779852806763566,0.04670085655533462
891,0.2195822311207477,0.27530925867256967
892,0.5096688852316531,0.34885939429193114
893,0.8275829430337198,0.5433470071994331
894,0.29831583279906204,0.2877296126785233
895,0.1641573285886806,0.21120393704151874
896,0.7723175074678302,0.8117242551642657
897,0.954389532387418,0.8751880901023297
898,0.5519643296138473,0.5597963527731995
899,0.4147432338597157,0.4539282961085302
900,0.5071291780040637,0.3393135458711807
901,0.09326474789787753,0.09688018390835837
902,0.24095976966835408,0.2725896040256912
903,0.0958433788412687,-0.04542634569497167
904,0.962842577523682,0.9113514381332102
905,0.4333320121604126,0.4133508084097598
906,0.9190571769016278,0.8653659267913938
907,0.1562343128909227,-0.00923910822423199
908,0.02996268084481446,-0.01895919849921751
909,0.1762050178195843,0.16086272086397052
910,0.061642752091110364,-0.09786585750812368
911,0.19162570522441247,0.14726309161276943
912,0.4956123641004673,0.34514882232194727
913,0.7979410689529174,0.6604422333105003
914,0.27145407532820376,0.14776151898525924
915,0.27619022246793223,0.15702814974375212
916,0.6839600322301411,0.8105703780384121
917,0.8121645504001338,0.8979970511661484
918,0.06425660165837155,0.07943206059810179
919,0.4174718274667829,0.25772178777986976
920,0.8432969468166758,0.9647480260810646
921,0.26364185915656635,0.16880692274341552
922,0.7964753605325279,0.8967433593948769
923,0.31752338297076466,0.3526194290528379
924,0.8051400721211954,0.7966334321636317
925,0.5297880773656344,0.5110666970119464
926,0.14705932791948328,0.36079165408473
927,0.0523578303652138,0.22218426627971669
928,0.8403621526723754,0.910414671081753
929,0.6682752032621925,0.5561062967488705
930,0.9512630776107304,0.9368144635161197
931,0.689462250126646,0.6198092702393759
932,0.34201601153327743,0.2982846800900183
933,0.6960106734472375,0.6899534081828211
934,0.4242405891543195,0.3016865766496576
935,0.532955502949785,0.530983646650955
936,0.584379748921017,0.5296280599584585
937,0.49193698924618134,0.4614072564234508
938,0.32478454456856276,0.5284331155595892
939,0.2050422213952916,0.2587691150346952
940,0.5967610370811509,0.4912438501829129
941,0.02320772360944512,-0.19630958470255588
942,0.5530738255486788,0.513127625317152
943,0.885020525473852,0.9087618148232564
944,0.13168227827020096,0.1796880383296282
945,0.42645494125161687,0.2710664876463482
946,0.26090463449349155,0.33439045280328333
947,0.37582708935758,0.5590419490394897
948,0.24490216701178114,0.23292444429123055
949,0.13937780608993688,0.08853118066931256
950,0.43450129983693153,0.32587866057945103
951,0.15390690891828918,-0.0005142831596433861
952,0.6034018129874157,0.5063877403859255
953,0.5147782939107677,0.44156737854465494
954,0.6208710282425124,0.5413662940510546
955,0.45384531115742854,0.33558087310628804
956,0.5981107246333184,0.638731102755921
957,0.3693409598455788,0.3292087457712125
958,0.2011347358825496,0.16051039670101178
959,0.9118816209190315,1.0191537802429773
960,0.36917778350054165,0.43223762506113006
961,0.7101647809562269,0.6654849168229862
962,0.30313808967894385,0.2835856731067817
963,0.886355545775981,1.0065316102977249
964,0.44253682111884374,0.46564485128912925
965,0.2245381191610285,0.13393310091398752
966,0.13523910115459725,0.23810561732230184
967,0.10632601582244294,0.04138799750295895
968,0.6203752012248853,0.709615201120452
969,0.03228067912580457,0.1192804971886864
970,0.7254185105098545,0.679263633756729
971,0.30789036761580735,0.3547630324105189
972,0.4507225644221413,0.5506973210003713
973,0.06818879723528914,0.07899779960766123
974,0.7580166245019643,0.7347078119358285
975,0.7923748122369414,0.8272902191571095
976,0.4233077972653958,0.40541160145868443
977,0.38561496469627565,0.24352852647577108
978,0.153646572378626,0.2527344537746435
979,0.19314711145689523,0.10644214867902745
980,0.2916073634807448,0.3336830960040197
981,0.6399414009476674,0.5198340726761616
982,0.8608548242910862,0.8123568324264973
983,0.7479436234651254,0.5783018527581134
984,0.6471104930744446,0.6702432615168
985,0.2864915740257826,0.25003570315366125
986,0.5318600391295764,0.44433388513742067
987,0.21010891919816033,0.43988154310441197
988,0.2341569837758276,0.19521915520520738
989,0.4718127526603231,0.5772575264878486
990,0.3904943850031468,0.33215045730120046
991,0.262866848665663,0.20317721587051474
992,0.10558158041431764,0.09903420452294064
993,0.47544730112427225,0.3010426974266692
994,0.42785768679148817,0.415002195883607
995,0.618123319507314,0.4461010735832326
996,0.06603049026604424,-0.07016751705101343
997,0.48364599104980444,0.5356796036196382
998,0.2799296687052384,0.3945855327896482
999,0.8554812122353131,0.8381563454938205
